{
  "project_info": {
    "project_number": "54877020810",
    "project_id": "notes-app-e26e5",
    "storage_bucket": "notes-app-e26e5.appspot.com"
  },
  "client": [
    {
      "client_info": {
        "mobilesdk_app_id": "1:54877020810:android:5b72162b6a708e857f4373",
        "android_client_info": {
          "package_name": "com.example.notebook"
        }
      },
      "oauth_client": [
        {
          "client_id": "54877020810-qp0ra8crng3gpoeg3c4dv79r7pf1n05t.apps.googleusercontent.com",
          "client_type": 3
        }
      ],
      "api_key": [
        {
          "current_key": "AIzaSyCcdbtyKIZWONQYTXJ4NAwXD6eNwoQBLX0"
        }
      ],
      "services": {
        "appinvite_service": {
          "other_platform_oauth_client": [
            {
              "client_id": "54877020810-qp0ra8crng3gpoeg3c4dv79r7pf1n05t.apps.googleusercontent.com",
              "client_type": 3
            }
          ]
        }
      }
    }
  ],
  "configuration_version": "1"
}